{"schemaVersion":"1.0","appDefinitionTemplate":{"id":"/providers/Microsoft.PowerApps/apps/","type":"Microsoft.PowerApps/apps","tags":{"primaryDeviceWidth":"1366","primaryDeviceHeight":"768","supportsPortrait":"true","supportsLandscape":"true","primaryFormFactor":"Tablet","showStatusBar":"false","publisherVersion":"3.25034.15","minimumRequiredApiVersion":"2.2.0","hasComponent":"false","hasUnlockedComponent":"false","isUnifiedRootApp":"false","sienaVersion":"20250404T051334Z-3.25034.15.0"},"properties":{"appVersion":"2025-04-04T05:13:34Z","lifeCycleId":"Published","createdByClientVersion":{"major":3,"minor":25034,"build":15,"revision":0,"majorRevision":0,"minorRevision":0},"minClientVersion":{"major":3,"minor":25034,"build":15,"revision":0,"majorRevision":0,"minorRevision":0},"backgroundColor":"RGBA(0,176,240,1)","backgroundImageUri":"/15198543065582813080/N9b6a7a6a-4dda-4257-824b-9b0c64bfc1e8-logoSmallFile","displayName":"Dogwalkers United","description":"","commitMessage":"","appUris":{"documentUri":{"value":"/15198543065582813080/Nddf2f9a8-37af-45f0-8c9b-d3798435f432-document.msapp"},"imageUris":[],"additionalUris":[{"isSolutionAware":false,"value":"/15198543065582813080/Na3d10c01-6c8f-491b-a8f6-dd1d9e0fd018-identity.json"}]},"createdTime":"0001-01-01T00:00:00Z","lastModifiedTime":"0001-01-01T00:00:00Z","sharedGroupsCount":0,"sharedUsersCount":0,"connectionReferences":{},"databaseReferences":{},"almMode":"Environment","performanceOptimizationEnabled":true,"canConsumeAppPass":true,"enableModernRuntimeMode":false,"executionRestrictions":{"isTeamsOnly":false,"dataLossPreventionEvaluationResult":{"status":"Compliant","lastEvaluationDate":"2025-04-04T05:13:38.422963Z","violations":[],"violationsByPolicy":[],"violationErrorMessage":"The app uses the following connectors: ."}}},"isAppComponentLibrary":false,"appType":"ClassicCanvasApp","appComponents":[]}}